track_id,genres,track_name,artist_name
5RQqQkd8Z8gcscl9ce6ESk,"['minimal', 'electronic', 'ambient', 'electronica', 'Miss You', 'The Very Last Resort', 'A New Error', 'Lay in a Shimmer', 'Blurred', 'Looped', 'Moth', 'Way Out', 'Pakard', 'Tristesse', 'Arte', 'You Are Here', 'Miss You', 'The Very Last Resort', 'A New Error', 'Lay in a Shimmer', 'Blurred', 'Looped', 'Moth', 'Way Out', 'Pakard', 'Tristesse', 'Arte', 'You Are Here']",Take Me Into Your Skin,trentemøller
5JrslPPXLFnUJzq85P6qTv,"['lounge', 'ambient', 'downtempo', 'electronic', 'trip hop', 'chill', 'mind immersing']",If You Stayed Over - Reprise,Bonobo
7M1Vo2wZFJSB2ENe9pnC5D,"['electronic', 'ambient', 'indietronica', 'lounge', 'instrumental', 'synthpop', 'post rock', 'experimental', 'downtempo', 'gospel', 'soundtrack', 'Screw Eyes', 'Yachats', 'Plant Life', 'The Grand Staircase', 'Speeder', 'Into The Sea', 'Alright', 'Signals', 'Forget', 'Legend of the Throne', 'Praise the Lamb', 'Darkwood', 'Screw Eyes', 'Yachats', 'Plant Life', 'The Grand Staircase', 'Speeder', 'Into The Sea', 'Alright', 'Signals', 'Forget', 'Legend of the Throne', 'Praise the Lamb', 'Darkwood']",1977,Adam Young
7i7D6QvvKdcgbHDuk51v2P,"['ambient', 'minimal', 'ambient techno', 'electronic', 'dub techno', 'icelandic', 'Drowned in Dreams (feat. Elísabet Eyþórs)', 'My Star Is a New Song (feat. Sigga Þóra)', 'Gaunt', 'Vergessen', 'Chapter M (driving)', 'Ember 1', 'Two Chambers', 'Oceans Day', 'All It Takes', 'Entrance', 'Static Discos 100', 'Else', 'Drowned in Dreams (feat. Elísabet Eyþórs)', 'My Star Is a New Song (feat. Sigga Þóra)', 'Gaunt', 'Vergessen', 'Chapter M (driving)', 'Ember 1', 'Two Chambers', 'Oceans Day', 'All It Takes', 'Entrance', 'Static Discos 100', 'Else']",Gabriel (feat. Elísabet Eyþórs),Yagya
4CifeS2HwRff5L5acCOEKr,"['psychill', 'psybient', 'ambient', 'electronic', 'Orientations part 1 (Above Towns Edit)', 'Dissolving Time', 'Hope', 'ASD', 'San Pedro', 'Inadvertent', 'DOT', 'Risky Nap Under Blue Tree', 'Calling', 'Central Plain', 'Discovering', 'Alignments', 'Orientations part 1 (Above Towns Edit)', 'Dissolving Time', 'Hope', 'ASD', 'San Pedro', 'Inadvertent', 'DOT', 'Risky Nap Under Blue Tree', 'Calling', 'Central Plain', 'Discovering', 'Alignments']",.Blank,H.U.V.A. Network
4n5ldfRE0p4vOg5bqObvAc,"['chillout', 'ambient', 'electronic', 'future garage']",Sinking,Feverkin
3gC2Rr0p1OuYofxD7BusJA,"['chillout', 'mellow', 'lounge', 'ambient', 'indie', 'instrumental', 'indietronica', 'downtempo', 'Le long de la rivière tendre', 'Ce matin-là - From ""L\'uomo in più""', 'African Velvet', 'Italia 90', 'Moonbeams', 'Westbound Train', 'Today', 'Swollen', 'North', 'Inside My Mind (Blue Skies)', 'Come', 'A Little Bit of Soul', 'Le long de la rivière tendre', 'Ce matin-là - From ""L\'uomo in più""', 'African Velvet', 'Italia 90', 'Moonbeams', 'Westbound Train', 'Today', 'Swollen', 'North', 'Inside My Mind (Blue Skies)', 'Come', 'A Little Bit of Soul']",Love,Sébastien Tellier
3RpPBYgfSmTGSfDNtlWMx5,"['electronic', 'downtempo', 'deep house', 'ambient']",Juno,Parra for Cuva
6evpAJCR5GeeHDGgv3aXb3,"['dubstep', 'electronic', 'ambient', 'atmospheric', 'Near Dark', 'Ghost Hardware', 'Moth', 'Maybes', ""He's Been Wonderful"", 'Elegiac', 'My Red Hot Car', 'Would Know', 'Infirmary', 'Dutch Flowerz', 'Crackle Blues (Burial Remix)', 'Morning Blues', 'Near Dark', 'Ghost Hardware', 'Moth', 'Maybes', ""He's Been Wonderful"", 'Elegiac', 'My Red Hot Car', 'Would Know', 'Infirmary', 'Dutch Flowerz', 'Crackle Blues (Burial Remix)', 'Morning Blues']",Archangel,Burial
0uxlnRGulRxknJLS9Wwocf,"['electronic', 'ambient', 'ethereal', 'art pop', 'dream pop', 'melancholic', 'trip hop', 'rascal', 'idle talk', 'LIKE HELL', 'JOY', ""Mustn't Hurry"", 'Red Trails', 'Utopia', 'N.Y. Hotel', 'Airborne Ashes - Eartheater & Aleksandir Remix', 'Darlings', 'Stay Awhile', 'Everything is Everything', 'rascal', 'idle talk', 'LIKE HELL', 'JOY', ""Mustn't Hurry"", 'Red Trails', 'Utopia', 'N.Y. Hotel', 'Airborne Ashes - Eartheater & Aleksandir Remix', 'Darlings', 'Stay Awhile', 'Everything is Everything']",sever,iamamiwhoami
3kFxbsy9wbsYfEopE5WYeb,"['electronic', 'ambient', 'piano', 'chillout']",Bloodflow - Mix Cut,Grandbrothers
1vyMyU9wWoMqtX3sNjTveK,"['electronic', 'ambient', 'trip-hop', 'canadian', 'trip hop', 'Pleasure and Buisness', 'Mississippi Two Tone', 'Ten', 'Little Big Horn', '47 Burning Violins', 'Pingbok', 'Comatose', 'Geometer', 'Watershed', 'Being Human', 'Got nothing', 'Birth of a Star', 'Pleasure and Buisness', 'Mississippi Two Tone', 'Ten', 'Little Big Horn', '47 Burning Violins', 'Pingbok', 'Comatose', 'Geometer', 'Watershed', 'Being Human', 'Got nothing', 'Birth of a Star']",Fin,Phontaine
7lFApXZWwNZkPrHVqsNY5D,"['electronic', 'ambient', 'trip-hop', 'canadian', 'trip hop']",Garden,Phontaine
4TiAuFOyPeLx4AYrukCm1K,"['electronic', 'downtempo', 'deep house', 'ambient']",Yuyun,Parra for Cuva
1ZcT9DpO9dPmW3wov6Tlze,"['electronic', 'downtempo', 'deep house', 'ambient', 'Juno - Henry Green Remix', 'Manila Palm', 'Sea To Sky - Parra For Cuva Remix', 'Jubal', 'Cappadocia', 'Home', '2005 NYE', 'Pulsing', 'Aquatic', 'Medea', 'Polyghost', 'Spring Embers', 'Juno - Henry Green Remix', 'Manila Palm', 'Sea To Sky - Parra For Cuva Remix', 'Jubal', 'Cappadocia', 'Home', '2005 NYE', 'Pulsing', 'Aquatic', 'Medea', 'Polyghost', 'Spring Embers']",Sumidero,Parra for Cuva
09mGFNjpjCuivm4kFlWX5o,"['electronic', 'downtempo', 'deep house', 'ambient', 'Manila Palm', 'Juno - Henry Green Remix', 'Sea To Sky - Parra For Cuva Remix', 'Harm', 'Medea', 'Feel Something - Lake Turner Remix', 'Connection', 'Amsterdam', 'J.B.Y.', 'Breathing', 'Panama - Edit', 'Stay The Same - Radio Edit', 'Manila Palm', 'Juno - Henry Green Remix', 'Sea To Sky - Parra For Cuva Remix', 'Harm', 'Medea', 'Feel Something - Lake Turner Remix', 'Connection', 'Amsterdam', 'J.B.Y.', 'Breathing', 'Panama - Edit', 'Stay The Same - Radio Edit']",Unfinished Colours,Parra for Cuva
3OVoSmKxOsJ2VW64DbGAK6,"['ambient', 'downtempo', 'instrumental', 'trip-hop', 'jamendo']",All Across the Sun - Hugo Kant Remix,Wasaru
7fTpeyKW9kiJ4J7i7P9how,"['electronic', 'electronica', 'ambient', 'chillout', ""Don't Cry Little Girl"", 'Trilogie', 'The Birds', 'Ship', 'Ausland', 'Wicked Games (feat. Anna Naklab) - Radio Edit', 'You Are the Worst Thing in the World', 'Circle', 'Ralome', 'Clear Day', 'above the clouds', 'To Feel Again / Trois', ""Don't Cry Little Girl"", 'Trilogie', 'The Birds', 'Ship', 'Ausland', 'Wicked Games (feat. Anna Naklab) - Radio Edit', 'You Are the Worst Thing in the World', 'Circle', 'Ralome', 'Clear Day', 'above the clouds', 'To Feel Again / Trois']",Chromatic Bird,Saycet
0OdFftguKAkcaIZTgLQlXB,"['ambient', 'idm', 'electronic', 'french']",Solaris,Saycet
2ceJL4FSlQMsqXwBcm3Gxo,"['electronic', 'chillout', 'downtempo', 'ambient', 'Speed of Light', 'Gun Song', 'K.I.S.S.E.S.', 'When You Go Forward', 'Misha', 'White', 'Always', 'Loose Ends', 'Twisted Cupid', 'Wait for Me', 'Triumphant', 'Swimmers', 'Speed of Light', 'Gun Song', 'K.I.S.S.E.S.', 'When You Go Forward', 'Misha', 'White', 'Always', 'Loose Ends', 'Twisted Cupid', 'Wait for Me', 'Triumphant', 'Swimmers']",Rain,Alphawezen
0uOcc4k7NRuI0gvo3yNtEp,"['ambient', 'experimental', 'chillwave', 'electronic', 'glo fi', 'glitch hop', 'trip hop', ""Luvin' U"", 'Foxxx', 'Love In Passing', 'Across The Night Sky', ""It's Nice To Be Alive"", 'twisted stars', 'The Dark Forest Joggers', ""That Ain't No Dang Cat!"", 'Stanley', 'Lovely Bloodflow', 'Teeth', 'Psychic Sweeping', ""Luvin' U"", 'Foxxx', 'Love In Passing', 'Across The Night Sky', ""It's Nice To Be Alive"", 'twisted stars', 'The Dark Forest Joggers', ""That Ain't No Dang Cat!"", 'Stanley', 'Lovely Bloodflow', 'Teeth', 'Psychic Sweeping']",Ur My Bby,Ricky Eat Acid
5WHabC4LXrFeA0kobfktOF,"['electronic', 'downtempo', 'deep house', 'ambient']",Eff Five,Parra for Cuva
5D7jl5qqynjNZZEiy4KQ2b,"['ambient', 'electronic', 'chillout', 'idm', 'downtempo', 'Oscar See Through Red Eye', 'Ataronchronon', 'Tha', 'Ageispolis', 'Foil', 'Nine', 'Tommib', ""La femme d'argent"", 'Alone in Kyoto', 'Problem Areas', '4:02', 'Poa Alpina', 'Oscar See Through Red Eye', 'Ataronchronon', 'Tha', 'Ageispolis', 'Foil', 'Nine', 'Tommib', ""La femme d'argent"", 'Alone in Kyoto', 'Problem Areas', '4:02', 'Poa Alpina']",Hey Saturday Sun,Boards of Canada
4OO2lavE7yz5Ane6fEYXp3,"['ambient', 'electronic', 'idm', 'chillout', 'electronica', 'downtempo', 'June 9th', 'Nlogax', 'Alberto Balsalm', 'Fingerbib', 'Bike', 'Tommib', 'Altibzz', 'Trad Velecido', 'Hasty Boom Alert', 'Alone in Kyoto', 'Little Fluffy Clouds', ""La femme d'argent"", 'June 9th', 'Nlogax', 'Alberto Balsalm', 'Fingerbib', 'Bike', 'Tommib', 'Altibzz', 'Trad Velecido', 'Hasty Boom Alert', 'Alone in Kyoto', 'Little Fluffy Clouds', ""La femme d'argent""]",Everything You Do Is A Balloon,Boards of Canada
770xg19bhZii0ARFBn1qR5,"['electronic', 'soundtrack', 'instrumental', 'ambient', 'Rectifier', 'Nocturne', 'Extreme Ways', 'Cemetary Party', 'The Fear', 'Chateau', 'Clubbed to Death', 'Röyksopp Forever', 'Reach for the Summit', 'The Saint', 'Slight Night Shiver', 'Oxygene, Pt. 4', 'Rectifier', 'Nocturne', 'Extreme Ways', 'Cemetary Party', 'The Fear', 'Chateau', 'Clubbed to Death', 'Röyksopp Forever', 'Reach for the Summit', 'The Saint', 'Slight Night Shiver', 'Oxygene, Pt. 4']",Solar Sailer,Daft Punk
0nAnrVl7WVS2zQL36Fp357,"['downtempo', 'electronic', 'ambient', 'all', 'Overseas', 'Time Travel', 'Miss Teardrop', 'Angst', 'Time for Space', 'Polyghost', 'First Fires (ft. Grey Reverend)', 'Goodness', 'Out of the Game', 'Inkeri', 'Something', ""Cruise (Don't Stop)"", 'Overseas', 'Time Travel', 'Miss Teardrop', 'Angst', 'Time for Space', 'Polyghost', 'First Fires (ft. Grey Reverend)', 'Goodness', 'Out of the Game', 'Inkeri', 'Something', ""Cruise (Don't Stop)""]",North,Superpoze
4uVvusAnJEAJsjcMUrL0ZC,"['electronic', '2017', 'ambient', 'experimental', 'glasgow']",Elephant,Turtle
1etKRUDB5aVohXYquBCdzX,"['ambient', 'electronic', 'electronica', 'uk', 'united kingdom', 'edm']",1990,Lake Turner
4sbZo2IXVJqysagVnrGISx,"['electronic', '2017', 'ambient', 'experimental', 'glasgow']",Rivers,Turtle
2TQVM0y30zZ8alfhjgFPDT,"['ambient', 'electronic', 'microhouse', 'house', 'british', 'ɵੂ≢࿃ूੂ೧ູఠీੂ؞ؙؖ⁽⁾ا҉҈҉҈҉҈҉҈҉҈҉҈҉҈҉҈҉҈҉҈҉҈҉҈҉', ')✧⃛*', 'Soft Meadow', 'Blue Sky and Yellow Sunflower', ""It's Nice To Be Alive"", 'Nauseous / Devilish', 'Fragment', 'Our', 'Brush', 'Falls 2', 'Gentle Soul', 'Enough', 'ɵੂ≢࿃ूੂ೧ູఠీੂ؞ؙؖ⁽⁾ا҉҈҉҈҉҈҉҈҉҈҉҈҉҈҉҈҉҈҉҈҉҈҉҈҉', ')✧⃛*', 'Soft Meadow', 'Blue Sky and Yellow Sunflower', ""It's Nice To Be Alive"", 'Nauseous / Devilish', 'Fragment', 'Our', 'Brush', 'Falls 2', 'Gentle Soul', 'Enough']",࿃ूੂ࿃ूੂੂ࿃ूੂOOOOOOOOOOOO ̟̞̝̜̙̘̗̖҉̵̴̨̧̢̡̼̻̺̹̳̲̱̰̯̮̭̬̫̪̩̦̥̤̣̠҈͈͇͉͍͎͓͔͕͖͙͚͜͢͢͢͢͢͢͢͢͢͢͢͢͢͢ͅ ooooooooo,⣎⡇ꉺლ༽இ•̛)ྀ◞ ༎ຶ ༽ৣৢ؞ৢ؞ؖ ꉺლ
4cZqZa0AyJE4vEjhfzrxU5,"['electronic', 'ambient', 'chillwave', 'I Want You', 'We Were Young', 'Waited 4 U - ODESZA Remix', 'The Little Things (feat. Angela McCluskey) - Kasbo Remix', 'Maybes - RAC Mix', 'Play Pretend', 'World Away', 'Steal My Attention', 'Survive', 'Red Lights - EMBRZ Remix', 'You Are Love', 'For How Long', 'I Want You', 'We Were Young', 'Waited 4 U - ODESZA Remix', 'The Little Things (feat. Angela McCluskey) - Kasbo Remix', 'Maybes - RAC Mix', 'Play Pretend', 'World Away', 'Steal My Attention', 'Survive', 'Red Lights - EMBRZ Remix', 'You Are Love', 'For How Long']",Above the Middle,ODESZA
5dfcrhcRb2n1eNH49BNQOV,"['ambient', 'electronic']",Transistor - Video Edit,Ben Chatwin
4vmNRQQJZcQaJByRjJgCXy,"['electronic', 'techno', 'ambient', 'idm', 'electronica']",Tiny Foldable Cities - Edit,Orbital
0fS7uJav3YGDivO8kxfNUt,"['electronic', 'ambient', 'downtempo', 'minimal', 'post-dubstep', 'Harm', 'Pay My Debts', 'Four Walls', 'Black Trees', 'Unfinished Colours', 'Polyghost', 'Juno - Henry Green Remix', '...and the Forest Began to Sing', 'Colours In Sea', 'Wallflower', 'If You Want Me', 'Fold', 'Harm', 'Pay My Debts', 'Four Walls', 'Black Trees', 'Unfinished Colours', 'Polyghost', 'Juno - Henry Green Remix', '...and the Forest Began to Sing', 'Colours In Sea', 'Wallflower', 'If You Want Me', 'Fold']",Feel Something - Lake Turner Remix,Beacon
2mllZz2GcpgWwTwVeBw0hi,"['ambient', 'electronic', 'electronica', 'uk', 'united kingdom', 'edm']",Honeycomb - Edit,Lake Turner
4mepzdV9gOv7y2oMxNZcyb,"['ambient', 'electronic', 'electronica', 'uk', 'united kingdom', 'edm']",Matthias,Lake Turner
6BJF6OGGvgOwgsPdf6zfhX,"['chillout', 'downtempo', 'ambient', 'electronic', 'electronica', 'trip-hop']",Réve De Nuages,Tristan De Liege
1IhY2i0jpvR5hGY9jdFvxv,"['breakbeat', 'ambient', 'electronic', 'hardcore', 'Is U', 'Calling Out', '50 Euro To Break Boost', 'Rev8617', 'Breathing', 'Somebody', 'Contact', 'Ocean (London Mix)', 'Happy Ending', 'Cherubim', 'First Blue Sky', 'PAPAT4 [155][pineal mix]', 'Is U', 'Calling Out', '50 Euro To Break Boost', 'Rev8617', 'Breathing', 'Somebody', 'Contact', 'Ocean (London Mix)', 'Happy Ending', 'Cherubim', 'First Blue Sky', 'PAPAT4 [155][pineal mix]']",So U Kno,Overmono
60Pe9j2pCBa4Zp4ztf5nhd,"['electronic', 'idm', 'experimental', 'ambient', 'electronica', 'Nannou', 'Xtal', 'Music Is Math', '1969', 'Beep Street', 'Brace Yourself Jason', 'Slip', 'Montreal', 'Hasty Boom Alert', 'Zodiac Shit', 'Soichiro', 'Thinking of You Thinking of Me', 'Nannou', 'Xtal', 'Music Is Math', '1969', 'Beep Street', 'Brace Yourself Jason', 'Slip', 'Montreal', 'Hasty Boom Alert', 'Zodiac Shit', 'Soichiro', 'Thinking of You Thinking of Me']",Windowlicker,Aphex Twin
21Phj46KeUHOWyZW9A9b7P,"['electronic', 'idm', 'ambient', 'chillout', 'electronica', 'Flim', 'Cow Cud is a Twin', 'Music Is Math', 'Beep Street', 'Turquoise Hexagon Sun', 'Brace Yourself Jason', 'Slip', 'The Possible Light', 'Hasty Boom Alert', 'Eutow', 'Tundra', 'Tryptiline Fabricate', 'Flim', 'Cow Cud is a Twin', 'Music Is Math', 'Beep Street', 'Turquoise Hexagon Sun', 'Brace Yourself Jason', 'Slip', 'The Possible Light', 'Hasty Boom Alert', 'Eutow', 'Tundra', 'Tryptiline Fabricate']",Alberto Balsalm,Aphex Twin
2LOIjnrneHXkPQ7JOMatiB,"['idm', 'chillout', 'ambient', 'Thirst', 'Isodensity (Tidal Waves)', 'Kickboard Girl', 'Transalpin', 'Miilm', 'Sel Alterat', 'Hype Man', 'Brockenspectre', 'Known Undesirables', 'Has Been Trying Not to Wonder', 'Lsdj08', 'Clay Face', 'Thirst', 'Isodensity (Tidal Waves)', 'Kickboard Girl', 'Transalpin', 'Miilm', 'Sel Alterat', 'Hype Man', 'Brockenspectre', 'Known Undesirables', 'Has Been Trying Not to Wonder', 'Lsdj08', 'Clay Face']",Sitting Next To You,Herrmann & Kleine
6HTB9kuH9t3cMmBRVw9Ny1,"['idm', 'ambient', 'electronic', 'downtempo']",Poppy Seed - Boards Of Canada Remix,Slag Boom Van Loon
6dDhiQCDHjKHokXOBdwipS,"['idm', 'ambient', 'genius', 'brilliance', 'lush', 'Kid Brother', 'Cherry Blue Boo', 'Rain Song', 'Love Life', 'Brickpath', 'Brackish Exploration', 'Another Endless Morning (In The Sanctuary)', 'Xolbe 2', 'You Look Lovely in This Spacesuit', 'Billionwatt', 'Continentsunderclouds', 'Option Screen (Phantas)', 'Kid Brother', 'Cherry Blue Boo', 'Rain Song', 'Love Life', 'Brickpath', 'Brackish Exploration', 'Another Endless Morning (In The Sanctuary)', 'Xolbe 2', 'You Look Lovely in This Spacesuit', 'Billionwatt', 'Continentsunderclouds', 'Option Screen (Phantas)']",Henry Hudson,Freescha
7LP8SXwtUfnLqNhMewFvhT,"['ambient', 'instrumental', 'electronica', 'cool and warm', 'Elephant Island', 'The Snow Ballet', 'Wyoming', 'Half Castle', 'Midnight Waving', 'Whistle', 'Rising Tide', 'The Morning Room', 'Elizabethland', 'The Obeisant Vine (Hammock Remix)', 'Locating Silence', 'The Last Lagoon', 'Elephant Island', 'The Snow Ballet', 'Wyoming', 'Half Castle', 'Midnight Waving', 'Whistle', 'Rising Tide', 'The Morning Room', 'Elizabethland', 'The Obeisant Vine (Hammock Remix)', 'Locating Silence', 'The Last Lagoon']",Monorail,Port Blue
2FypRgnh5ybbBQJXBSdmsI,"['ambient', 'piano', 'attitude', 'The Axial Catwalk', 'Of The Airship Academy', 'I Could Hear The Water At The Edge Of All Things', 'The Obeisant Vine (Hammock Remix)', 'Moonlight in the Mouth', 'An Empty Field', 'Bold Advances', 'All the Sails', 'A Song That Will Help You Remember To Forget', 'we need help', 'Equinox', 'Beyond This Moment', 'The Axial Catwalk', 'Of The Airship Academy', 'I Could Hear The Water At The Edge Of All Things', 'The Obeisant Vine (Hammock Remix)', 'Moonlight in the Mouth', 'An Empty Field', 'Bold Advances', 'All the Sails', 'A Song That Will Help You Remember To Forget', 'we need help', 'Equinox', 'Beyond This Moment']",Over Atlantic City,Port Blue
7oULZ8jbUEcTcWhMSlNAQP,"['idm', 'techno', 'electronic', 'ambient', 'electro', 'electronica']",Nightwalking Your Memory - 2011 Remaster,Vector Lovers
0tv2Vx5pcbgrPrgp3JmqkZ,"['idm', 'electronic', 'ambient', 'electronica']",Neon Sky Rain - Remastered,Vector Lovers
1BHw0Qi573gQ7yqOJypSoL,"['ambient', 'electronic', 'russia', 'future garage']",paradise,smokefishe
32ghUIiUVKsuiyhGVfr7cf,"['2018 releases', 'ambient']",idk,la.nskey
1kcl5Dau2vREpKqcc9VeTW,"['ambient', 'idm', 'electronic', 'french']",Messa Solaris - Recorded at Château de Versailles in 2020,Saycet
0aWvlMU7vvuMC6MZbarY02,"['ambient', 'piano', 'soundtrack', 'emotional']",Shades,Mattia Cupelli
4nBJVZUj5NrVt4NI8xzw8f,"['ambient', 'instrumental', 'contemporary classical', 'classical', 'violin']",Refugees - Frieder Nagel Rework,Laura Masotto
3JBByfqnkYAT6a0Of6eMud,"['experimental', 'electronic', 'folktronica', 'ambient', 'folk']",Kaini Industries (Original By Boards of Canada),Bibio
3uYrVtgRuz4XiOOXDV805X,"['ambient', 'speeches', 'downtempo', 'speech', 'chillwave', 'wave', 'Orange Evening', 'distant', 'A Walk', 'Every High', 'You', 'Time To Run', 'Komorebi', 'Night Beacon', 'Return To Air', 'ANVIL', 'Hot Blooded', 'Drop the Game', 'Orange Evening', 'distant', 'A Walk', 'Every High', 'You', 'Time To Run', 'Komorebi', 'Night Beacon', 'Return To Air', 'ANVIL', 'Hot Blooded', 'Drop the Game']",Dreams,Nuages
6inzD7XVAjwI0HMBqXyVZ0,"['ambient', 'instrumental', 'electronic', 'electronica', 'downtempo', 'lofi', 'trip-hop']",Leaf Encoder,Okami (Ọ)
1rHJ52s5MLNmYwLewMMnQp,"['electronic', 'minimal', '2017 releases', 'james-joul - 2017 albums', 'icelandic', 'techno', 'experimental', 'ambient', 'minimal techno', 'Paused', 'Gaunt', 'Myiami', 'Waves', 'Pale Skin', 'Reflect', 'Jupiter Sunrise', 'Nakt', 'Solidarity Theme (Villagers)', 'Up All Night - Radio Edit', 'Lay in a Shimmer', 'Azure', 'Paused', 'Gaunt', 'Myiami', 'Waves', 'Pale Skin', 'Reflect', 'Jupiter Sunrise', 'Nakt', 'Solidarity Theme (Villagers)', 'Up All Night - Radio Edit', 'Lay in a Shimmer', 'Azure']",Jarred,Kiasmos
3VMwehRQtTt7gXAFirRW6t,"['electronic', 'chillout', 'ambient', 'usa', 'american']",Halo 22,Emmit Fenn
4Al96JAyCmkAn9tryHNEFx,"['future garage', 'ambient', 'electronic', 'Fireflies (sped up)', 'path', 'Going Home', 'distant memories', 'forsaken', 'Silence', 'Sense', 'Kalypso', 'Rave In Paradise', 'far light', 'right back', 'Mojdom', 'Fireflies (sped up)', 'path', 'Going Home', 'distant memories', 'forsaken', 'Silence', 'Sense', 'Kalypso', 'Rave In Paradise', 'far light', 'right back', 'Mojdom']",Fireflies,Spaceouters
1KPYsAFNioZsml00Isug7B,"['electronic', 'downtempo', 'deep house', 'ambient', 'Manila Palm', 'Sumidero', 'Sea To Sky - Parra For Cuva Remix', 'Jubal', 'Pulsing', 'Breathing', 'Weightless - jamesjamesjames Remix', '2005 NYE', 'Life On Hold', 'Polyghost', 'To Feel Again / Trois', 'Indulgence', 'Manila Palm', 'Sumidero', 'Sea To Sky - Parra For Cuva Remix', 'Jubal', 'Pulsing', 'Breathing', 'Weightless - jamesjamesjames Remix', '2005 NYE', 'Life On Hold', 'Polyghost', 'To Feel Again / Trois', 'Indulgence']",Juno - Henry Green Remix,Parra for Cuva
2Aqg6jGRbrpyX3Pms61Q9o,"['ambient', 'chillout', 'electronic', 'piano']",Vertigo,Kisnou
25rwKmOxEqmbDH4PjlIZTS,"['ambient', 'chillout', 'electronic', 'piano']",Revolving Door,Kisnou
6UW8C7ZFt684pV2IfuN1d7,"['ambient', 'chillout', 'electronic', 'piano']",Sancta Mea,Kisnou
3ORPs1WMHqvR8DYSn7lK7m,"['ambient', 'chillout', 'electronic', 'piano']",Downfall,Kisnou
0TBIik2VJuMH4BJURnyd5A,"['ambient', 'chillout', 'electronic', 'piano']",Glow to Last,Kisnou
1iSlIKjJAOJEhuyHz0Qnki,"['electronic', 'downtempo', 'deep house', 'ambient']",Quadrant,Parra for Cuva
0GXHYjtiTACiyq0GRX6lc0,"['chillout', 'ambient', 'rap', 'house', 'electronic']",Life Cycle,AK
4v0SYS9yrWQWJJMLUhFUL7,"['ambient', 'downtempo', 'future garage', 'moldovan']",Runaway,Michael FK
2MRUwbVjnnzVtjfQbg5907,"['ambient', 'house', 'techno', 'electronic', 'chill', 'possibly made by god', 'eargasm on first listen', 'Planet Zoo', 'Ginkgo Biloba', 'So Long - Christian Loeffler Remix', 'Blind', 'I Left the Party', 'Si Soy Fuego', 'Feed Your Head', 'Lit', 'All That Matters', 'E45', 'The House Of Lost Hope', 'The Monk', 'Planet Zoo', 'Ginkgo Biloba', 'So Long - Christian Loeffler Remix', 'Blind', 'I Left the Party', 'Si Soy Fuego', 'Feed Your Head', 'Lit', 'All That Matters', 'E45', 'The House Of Lost Hope', 'The Monk']",So So So,Rone
0w8ja1fkFSj3THriADRT3s,"['ambient', 'chillstep', 'electronic', 'dubstep', 'Fragments Of The Past', 'To the Clouds', 'Mists', 'Somewhere Within Your Soul', 'It Is What It Is', 'Sarajevo (Blackmill Remix)', 'Silent Mountain', 'Hold On', 'Better Place', 'Fluke', 'Discolour Us', 'Howling', 'Fragments Of The Past', 'To the Clouds', 'Mists', 'Somewhere Within Your Soul', 'It Is What It Is', 'Sarajevo (Blackmill Remix)', 'Silent Mountain', 'Hold On', 'Better Place', 'Fluke', 'Discolour Us', 'Howling']",Coalesce,EvenS
69D8GX0xVahhxNmGMmZsbj,"['piano', 'love', 'ambient', 'chillout', 'Interlude pour dépressifs', 'Small Memory', 'Autumn Hill', 'Prelude for Time Feelers', 'Radio Ballet', 'Lovers’ Carvings', 'guell', 'Choanal Imperforation', 'Everything I Cannot See', 'When', 'Gymnopadie No. 3', 'His Eyes', 'Interlude pour dépressifs', 'Small Memory', 'Autumn Hill', 'Prelude for Time Feelers', 'Radio Ballet', 'Lovers’ Carvings', 'guell', 'Choanal Imperforation', 'Everything I Cannot See', 'When', 'Gymnopadie No. 3', 'His Eyes']",Kissing Disease,Melodium
5MUhD2L9BTIaX9xkMqSnVr,"['dark ambient', 'ambient', 'noise', 'industrial', 'Days Without You - Crussen Remix', 'A Deeper Dream', 'Briefing', 'Storm of Fire', 'God Is Coming', 'Sumeru', 'Bahar', 'Worak', 'Copal', 'Close - Your Eyes', 'Hara', 'Ikaro (Mixed)', 'Days Without You - Crussen Remix', 'A Deeper Dream', 'Briefing', 'Storm of Fire', 'God Is Coming', 'Sumeru', 'Bahar', 'Worak', 'Copal', 'Close - Your Eyes', 'Hara', 'Ikaro (Mixed)']",Mori Shej,Satori
0ihpthbHl8TAjt8y0hD8GM,"['idm', 'electronic', 'ambient techno', 'white rabbit', 'At Dawn', 'La Nuit - Mixed', 'Chatter', 'My Life Is Bracketed [Mixed]', 'Stick to Music Snowflake', 'Clarity', 'Calling', '27.0', 'Borstal Communications - Album Mix', 'Eggshell Sunny', 'Tak 4', 'Welcome to Ibb & Obb', 'At Dawn', 'La Nuit - Mixed', 'Chatter', 'My Life Is Bracketed [Mixed]', 'Stick to Music Snowflake', 'Clarity', 'Calling', '27.0', 'Borstal Communications - Album Mix', 'Eggshell Sunny', 'Tak 4', 'Welcome to Ibb & Obb']",Krabs,Kettel
1MQG2o2hde3QQmlgVPO6YN,"['ambient', 'idm', 'electronic', 'french']",Opalowsky (Error Love Remix),Saycet
6VbMD25XiuaYpkB27Olj2j,"['minimal', 'ambient', 'Ginkgo Biloba', 'Room with a View', 'In the Mood for Noune', 'Time', 'Serenity', 'Up All Night - Radio Edit', 'Jupiter Sunrise', 'Joda - Worakls Remix', 'Nikki', 'Promesse - Short Version', '8000', 'Gaunt', 'Ginkgo Biloba', 'Room with a View', 'In the Mood for Noune', 'Time', 'Serenity', 'Up All Night - Radio Edit', 'Jupiter Sunrise', 'Joda - Worakls Remix', 'Nikki', 'Promesse - Short Version', '8000', 'Gaunt']",Nakt,Rone
3Yagxg6rtkwN01AYzA862i,"['ambient', 'instrumental', 'icelandic', 'post-rock', 'classical', 'contemporary classical', 'piano', 'Zero', 'The Bottom Line (feat. Josin)', 'Loom — piano reworks', 'Nos', 'Clarion - Kiasmos Remix', 'Pink and Golden Billows', 'Briefly', 'Itasca', 'To Speak of Solitude', 'Late', 'Mallimack - Hayden Thorpe Rework', 'We Contain Multitudes — piano reworks', 'Zero', 'The Bottom Line (feat. Josin)', 'Loom — piano reworks', 'Nos', 'Clarion - Kiasmos Remix', 'Pink and Golden Billows', 'Briefly', 'Itasca', 'To Speak of Solitude', 'Late', 'Mallimack - Hayden Thorpe Rework', 'We Contain Multitudes — piano reworks']",Loom (feat. Bonobo),Ólafur Arnalds
7ERZtPJlyFruAxcZNnoMpz,"['ambient', 'future garage', 'electronic']",Serenity,Blut Own
1IrrJIJsOJILIr3XP8lPxf,"['electronic', 'ambient', 'Home Calling', 'Ecce! Ego!', 'Claudi', 'Serve No Tea', 'Alto', 'Morning Sun In A Dusty Room', 'Gfortune', 'Try', 'Emoclew', 'All I See Is You, Velvet Brown', 'Our', 'Enough', 'Home Calling', 'Ecce! Ego!', 'Claudi', 'Serve No Tea', 'Alto', 'Morning Sun In A Dusty Room', 'Gfortune', 'Try', 'Emoclew', 'All I See Is You, Velvet Brown', 'Our', 'Enough']",escapism,Elkka
0IxGgqjkjVtC9za87YRGtK,"['ambient', 'witch house', 'experimental', 'chillout', 'dark ambient', 'electronic', 'With U', 'Yr Love', 'See Birds (Moon)', 'Apart', '3; 51 A.M.', 'Burnout Eyess', 'Buried', 'Third Eye Sixth Sense', 'amen', 'Drowning', 'Apathy', 'NO LOVE', 'With U', 'Yr Love', 'See Birds (Moon)', 'Apart', '3; 51 A.M.', 'Burnout Eyess', 'Buried', 'Third Eye Sixth Sense', 'amen', 'Drowning', 'Apathy', 'NO LOVE']",Touch,Holy Other
1YdQdNcRxsNiBvGuHnmRny,"['ambient', 'witch house', 'electronic', 'dark ambient', 'With U', 'Touch', 'See Birds (Moon)', 'Motion', 'Burnout Eyess', 'Third Eye Sixth Sense', '3; 51 A.M.', 'Darkness in My Soul', 'Asphyxia', 'Slow Motion', 'Cascades', 'Before the Dawn', 'With U', 'Touch', 'See Birds (Moon)', 'Motion', 'Burnout Eyess', 'Third Eye Sixth Sense', '3; 51 A.M.', 'Darkness in My Soul', 'Asphyxia', 'Slow Motion', 'Cascades', 'Before the Dawn']",Yr Love,Holy Other
346fAfPxAVFboV19ij1kle,"['ambient', 'chillout', 'electronic', 'downtempo', 'psychill']",Snö På Hisingen (Cbl Carbonator Rmx),Carbon Based Lifeforms
28CLYjG5ObETEAeVKgYStl,"['ambient', 'chillout', 'electronic', 'piano']",Ilia,Kisnou
4d94ISMk55s3RC618WT7lV,"['ambient', 'instrumental', 'electronic', 'hip-hop', 'beats', 'chillhop', 'chillwave']",5am,Rogyr
0BS0GX5BGXKP2keUYwEe0D,"['electronic', 'ambient', 'piano', 'chillout', 'Golden Dust', 'Itasca', 'Wing Rowing (K08)', 'Spark', 'JIN', 'Rotor', 'Cloudline (Parra for Cuva Reimagination)', 'Pink and Golden Billows', 'LUV', 'No Goodbye', 'Manila Palm', 'To Speak of Solitude', 'Golden Dust', 'Itasca', 'Wing Rowing (K08)', 'Spark', 'JIN', 'Rotor', 'Cloudline (Parra for Cuva Reimagination)', 'Pink and Golden Billows', 'LUV', 'No Goodbye', 'Manila Palm', 'To Speak of Solitude']",Valentin's Blood Flows,Grandbrothers
53ZkAa82SRLEX6Y8qGwjbl,"['ambient', 'trip-hop', 'post-rock', 'electronic', '2014', 'Hummingbird', 'Mingus Mapps', 'Emei', 'Carefully', 'Count Me Out', 'First Snow', 'Celestial Annihilation', 'If Wishes Were Catholics', 'Above The Clouds', 'Price You Pay', 'When I Go', 'Niyati', 'Hummingbird', 'Mingus Mapps', 'Emei', 'Carefully', 'Count Me Out', 'First Snow', 'Celestial Annihilation', 'If Wishes Were Catholics', 'Above The Clouds', 'Price You Pay', 'When I Go', 'Niyati']",Tiger Tempo,Arms and Sleepers
7E2QMEuGG7736UdJcuUyFi,"['post-rock', 'ambient', 'instrumental', 'title is a full sentence', '2018 releases', 'electronic', 'Peterson', 'Age of Wonder', 'Goodbye Sierra', 'The Mountain Seed', 'To Be Buried and Discovered Again', 'X-33', 'A Secret Society', 'The Endless', 'As The Lights Fade Away', 'Hypersleep', 'This Shameless Moment', ""If I'd Have Known It Was The Last (second position)"", 'Peterson', 'Age of Wonder', 'Goodbye Sierra', 'The Mountain Seed', 'To Be Buried and Discovered Again', 'X-33', 'A Secret Society', 'The Endless', 'As The Lights Fade Away', 'Hypersleep', 'This Shameless Moment', ""If I'd Have Known It Was The Last (second position)""]",Chill Kingdom,The American Dollar
3BmtVxAg1jr2sw4WaPHdoz,"['chillout', 'ambient', 'electronic', 'downtempo', 'We Can Be Ghosts Now', 'Lost in Thought', 'Futile', 'Good Knight', 'Wolf Drawn', 'Bless This Morning Year', 'Flemington', 'Behold', 'Mars', 'Vision (revisited)', 'Halving the Compass', 'Folds', 'We Can Be Ghosts Now', 'Lost in Thought', 'Futile', 'Good Knight', 'Wolf Drawn', 'Bless This Morning Year', 'Flemington', 'Behold', 'Mars', 'Vision (revisited)', 'Halving the Compass', 'Folds']",Third,Hiatus
3oxzNzpv44K6QITQEwooFj,"['ambient', 'trip-hop', 'post-rock', '2017', 'electronic']",Grand Theft Finale,Arms and Sleepers
1kz9kj5yn4fIfzAjtxDhp3,"['electronic', 'downtempo', 'deep house', 'ambient']",Belle de Nuit,Parra for Cuva
475SILtK3n8sWqR41M9Wfj,"['electronic', '2017', 'french', 'experimental', 'ambient', 'electronica', 'Constantinople', 'Cheltenham Cases', 'Gepan', 'Sailing', 'Shame', 'Interlude', ""Lovin' Feeling"", 'Khanti', 'Maze', 'Junior', 'Piany Pianino', 'Sparks & Ashes', 'Constantinople', 'Cheltenham Cases', 'Gepan', 'Sailing', 'Shame', 'Interlude', ""Lovin' Feeling"", 'Khanti', 'Maze', 'Junior', 'Piany Pianino', 'Sparks & Ashes']",Oracle,Chapelier Fou
0zCvjVUME4Uk8Im4DR9r6s,"['ambient', 'chillout']",Room 208,Aerocity
19tCja3e7UxE8QEMXQV56y,"['dubstep', 'electronic', 'electronica', 'idm', 'ambient', 'Grandfather', 'ICE', 'Fools Rhythm', 'Vesper', 'SpVce', '101 South', 'No. 22', 'Low Pressure Zone', 'Red Giant', 'His Rope', 'Projection', 'Violet', 'Grandfather', 'ICE', 'Fools Rhythm', 'Vesper', 'SpVce', '101 South', 'No. 22', 'Low Pressure Zone', 'Red Giant', 'His Rope', 'Projection', 'Violet']",Cherry Moon,Lorn
4CHIJuqR1jLfzA72THSzUm,"['idm', '2017', 'breakcore', 'electronic', 'experimental', 'ambient', 'Porchfire', 'Saints', 'Parallel 7', 'Chatter', 'Stick to Music Snowflake', 'At Dawn', 'Pulses of Information', 'September Sun', 'La Nuit - Mixed', 'Hands of Time', 'Endless Waves', 'Bluerain', 'Porchfire', 'Saints', 'Parallel 7', 'Chatter', 'Stick to Music Snowflake', 'At Dawn', 'Pulses of Information', 'September Sun', 'La Nuit - Mixed', 'Hands of Time', 'Endless Waves', 'Bluerain']",Precipice,The Flashbulb
7aS8e5XKVWDcbyn06mF9fz,"['ambient', 'electronic', 'downtempo', 'Flytta Dig', 'Another Wave From You', 'Olson', ""I Guess I'm Floating"", 'Second Sun', 'Tayos Caves, Ecuador II', 'To Heal', 'Everloving', 'Spores', 'Over the Horizon Radar', '~42°', 'i', 'Flytta Dig', 'Another Wave From You', 'Olson', ""I Guess I'm Floating"", 'Second Sun', 'Tayos Caves, Ecuador II', 'To Heal', 'Everloving', 'Spores', 'Over the Horizon Radar', '~42°', 'i']",Candles,Jon Hopkins
1fFylTl5SVntCpGX6LMS9l,"['crust', 'electronic', 'chillout', 'crust punk', 'downtempo', 'anarcho-punk', 'ambient', 'River', 'We Can Be Ghosts Now', 'Lost in Thought', 'All Equal', 'Vision (revisited)', 'Pre 63', 'Sable (feat. Tor)', 'Landing', 'Deep Blue', 'Polyghost', ""Dictaphone's Lament"", 'A Tune for Jack', 'River', 'We Can Be Ghosts Now', 'Lost in Thought', 'All Equal', 'Vision (revisited)', 'Pre 63', 'Sable (feat. Tor)', 'Landing', 'Deep Blue', 'Polyghost', ""Dictaphone's Lament"", 'A Tune for Jack']",Origin Myth,Hiatus
6eQopIe3uQe7Mni3hzahfx,"['idm', '2014', 'electronic', 'ambient', 'experimental', 'downtempo']",Arrow,Daisuke Tanabe
1vW8krAHupYxF1xRCfQnkD,"['ambient', 'downtempo', 'melancholic', 'instrumental', 'Our Distance', 'Nothing it Can', 'Second Sequence', 'Room 8', 'Fall on Certain Accents', 'Lento', 'Until', 'Music For Psychedelic Therapy - Excerpt', 'Journey', 'Wonder to Wisdom', 'Sacred', 'Brink', 'Our Distance', 'Nothing it Can', 'Second Sequence', 'Room 8', 'Fall on Certain Accents', 'Lento', 'Until', 'Music For Psychedelic Therapy - Excerpt', 'Journey', 'Wonder to Wisdom', 'Sacred', 'Brink']",Symmetry Systems (Emerald),36
0SwvXYnP09AL6tAfXnz5UZ,"['ambient', 'downtempo', 'melancholic', 'instrumental']",Symmetry Systems (Porcelain),36
3iw3UFeYAhGnYmP8iOZV0p,"['mixtaperoom', 'electronic', 'ambient', 'experimental', 'indie', 'indie pop']",Earth,The Acid
17OHJfDyorFpjHAhEmbccW,"['ambient', 'electronic', 'germany', 'modern classical']",Trauerweide,Stimming x Lambert
6S31rx5LdW3R8B5ci9FcxP,"['ambient', 'chillout', 'downtempo', 'electronic', 'hip-hop', 'Sine Dust', 'Feel You', 'Third', 'Nightcrawler', 'Feel Something - Lake Turner Remix', 'Harm', 'Tahiti', 'All These Things I Used to Have', 'Bag of Bones', 'No Such Thing As Me', 'Behold', 'Sit Around The Fire', 'Sine Dust', 'Feel You', 'Third', 'Nightcrawler', 'Feel Something - Lake Turner Remix', 'Harm', 'Tahiti', 'All These Things I Used to Have', 'Bag of Bones', 'No Such Thing As Me', 'Behold', 'Sit Around The Fire']",Futile,Yakamoto Kotzuga
7kairSogjdKmMUHN0j2BNn,"['ambient', 'South Street', 'iinterlude 2', 'Real Friends', 'Modern Day - Interlude', 'to all the plants i loved', 'Inner Voice - Remix', 'Dont.Be.Afraid.', 'Every Morning', 'Formation - Otik Remix', 'Arp 8', 'Unfold', ""Hell's River"", 'South Street', 'iinterlude 2', 'Real Friends', 'Modern Day - Interlude', 'to all the plants i loved', 'Inner Voice - Remix', 'Dont.Be.Afraid.', 'Every Morning', 'Formation - Otik Remix', 'Arp 8', 'Unfold', ""Hell's River""]",Eve,Brutalist
1tiiPRQH1lszD6v9kYIAxC,"['ambient', 'piano', 'contemporary classical', 'electronic']",Blooming (In C Minor) - Hannes Kretzer Remix,Niklas Paschburg
6Ab25h5ukxIQMPBUKpEadv,"['ambient', 'idm', 'future garage', 'downtempo']",Night Trip - Original Mix,Rautu
4sqngEFUsE3md2kRxT6MBt,"['idm', 'ambient', 'japanese']",Senkai,Lycoriscoris
0iIvMVuX77avFQiaRL7LmU,"['chillout', 'ambient', 'swedish', 'hip-hop', 'sweden', 'lo-fi']",Memory Lane,Slumberville
4GuN1KZrDvwEYx4PakfVvW,"['ambient', 'chillout', 'Alone in Canoe', ""Anja's Eternal Light - Early Version 1"", 'Otherworlds', 'Vision (revisited)', 'Last View', 'Duotechnolique', 'Sunday Barbecue With The Neighbours', 'Reaktion (Remastered)', 'Cowboy Futureworld', 'The King of Sanda', 'Room 1', 'North Cormorant Obscurity', 'Alone in Canoe', ""Anja's Eternal Light - Early Version 1"", 'Otherworlds', 'Vision (revisited)', 'Last View', 'Duotechnolique', 'Sunday Barbecue With The Neighbours', 'Reaktion (Remastered)', 'Cowboy Futureworld', 'The King of Sanda', 'Room 1', 'North Cormorant Obscurity']",Landing,Kodomo
0sqYMUn9OwDgBmvpCxIj8c,"['idm', 'ambient', 'downtempo', 'electronic', 'chillout', 'Last View', 'You are', 'Psirens', 'Meltwater', 'Bluerain', 'Open your eyes', 'Comfort Inside Plastic', 'September Sun', 'Good Luck Out There', 'Stream', 'Stick to Music Snowflake', 'Endless Waves', 'Last View', 'You are', 'Psirens', 'Meltwater', 'Bluerain', 'Open your eyes', 'Comfort Inside Plastic', 'September Sun', 'Good Luck Out There', 'Stream', 'Stick to Music Snowflake', 'Endless Waves']",Hands of Time,Melorman
3OqF56ETEt8LVQ12oO3gGZ,"['idm', 'ambient', 'glitch', 'electronic', 'Bluerain', 'Ghost', 'La Nuit - Mixed', 'My Life Is Bracketed [Mixed]', 'Forest (Fast Edit)', 'Stream', 'Paper Unicorn', 'Wiebke', 'Orford Sentinel', 'Lithh', 'Mooshy', 'Borstal Communications - Album Mix', 'Bluerain', 'Ghost', 'La Nuit - Mixed', 'My Life Is Bracketed [Mixed]', 'Forest (Fast Edit)', 'Stream', 'Paper Unicorn', 'Wiebke', 'Orford Sentinel', 'Lithh', 'Mooshy', 'Borstal Communications - Album Mix']",Stick to Music Snowflake,Proem
5mRbxzvVdzOu7Cht0xnHtq,"['ambient', 'electronic', 'chillout', 'new age']",Wheels Come Off,Conjure One
0v9qq4qNDZxZAJeJRfcOrQ,"['slowcore', 'post-rock', 'shoegaze', 'dream pop', 'ambient']",Hydroplane,Coastal
3jhiRuimwtlNvanLhN8Smb,"['ambient', 'idm', 'electronic', 'chillout']",Open Field,Kiln
4c3LS6mWNyOwU16SDWy7HO,"['techno', 'minimal', 'ambient', 'minimal techno', 'electronic']",La Marbrerie,Rone
3IZSjgXk0W0M9eO9B2XSUH,"['idm', 'electronic', 'ambient', 'chillout', 'Orange Ocean', 'September Sun', 'It Pours', 'Comfort Inside Plastic', 'Bluerain', 'Last View', 'Hands of Time', 'Clarity', 'Euphoric Magic', 'Clara', 'Psirens', 'Continuum', 'Orange Ocean', 'September Sun', 'It Pours', 'Comfort Inside Plastic', 'Bluerain', 'Last View', 'Hands of Time', 'Clarity', 'Euphoric Magic', 'Clara', 'Psirens', 'Continuum']",Endless Waves,Kodomo
1QjW4QZZRteiy1vETeTWsV,"['idm', 'ambient', 'japanese']",Chiyu,Lycoriscoris
4xT9lQIeYAtwYYH2rhEnH0,"['ambient', 'electronic', 'experimental', 'swedish']",Ready,boerd
3VW5BFX33oOj1cqA95b2IB,"['ambient', 'electronic', 'experimental', 'swedish']",2far,boerd
5VCDQurmFmOoWOERtLF0pR,"['idm', 'ambient', 'japanese']",Yume,Lycoriscoris
2H037nzjSYn32IDSL6iGPu,"['chillout', 'ambient', 'trance', 'electro', 'Decoder', 'Go Tell It To The Trees Egghead', 'Monolithic', 'Max', 'Loss Aversion', 'Landing', 'Halcyon Days', 'Canoe Canoa', 'The King of Sanda', 'Born in a Tropical Swamp', 'First Times', 'Ralome', 'Decoder', 'Go Tell It To The Trees Egghead', 'Monolithic', 'Max', 'Loss Aversion', 'Landing', 'Halcyon Days', 'Canoe Canoa', 'The King of Sanda', 'Born in a Tropical Swamp', 'First Times', 'Ralome']",Gate 5A,Kodomo
6w8ekmqQOBNfk3m2GddOWS,"['future garage', 'ambient']",Worship,Unworldly
3imm0MMW7gLNRWs5W1pAEG,"['future garage', 'ambient']",Appeal,Unworldly
409E9IfYVienhifgLQZy8C,"['future garage', 'ambient']",Fickle 2,Unworldly
1hMoBIzyQRaVFEKD2Q8XyY,"['future garage', 'ambient']",Firth,Unworldly
2NIEOpHJ300d5m1nmYN5vU,"['future garage', 'ambient']",Endurance,Unworldly
6kqoKYvoDYZ4CAiz0o4clu,"['electronic', 'ambient', 'swedish', 'downtempo']",Love,Fyze
59lMhE2hwrJ3jVd4H5Yh67,"['future garage', 'ambient', 'electronic', 'russian']",Show Me Your Eyes,591.
5hBRVT1KlPWIG0Hwtmtfo4,"['chillout', 'ambient', 'russian', 'russia']",Submissive (Reboot),Oleg Byonic
4ZKoLAjGLLLwKFBADGh2SO,"['ambient', 'instrumental', 'contemporary classical', 'classical', 'violin']",Shéhérazade - Laura Masotto Rework,Laura Masotto
1MHDF04died57k4h6k4uYN,"['easy listening', 'chillout', 'ambient', 'instrumental', 'electronic', 'piano']",Highlove,DeepCosmo
6k0WAWozwveTwcMAaSOhC8,"['house', 'outsider house', 'lo-fi', 'ambient']",Odna,AL-90
42vtJ1kOOGisjaRhzSXico,"['chillout', 'ambient', 'rap', 'house', 'electronic']",Terminal,AK
62zL5GnJJxdFkSUEtQoHOv,"['ambient', 'witch house', 'trill', 'electronica', 'very tired', 'RX-7 / aykazzz', 'OneWish / akiaura', 'Aquila Rift', 'AVA', 'here, at the end of all things', 'infinite', 'careline', 'aquaa', 'Emotional loneliness', 'WHAT WE DO - 2015', 'Bryanex', 'very tired', 'RX-7 / aykazzz', 'OneWish / akiaura', 'Aquila Rift', 'AVA', 'here, at the end of all things', 'infinite', 'careline', 'aquaa', 'Emotional loneliness', 'WHAT WE DO - 2015', 'Bryanex']",fading quick,foxwedding
6VNq04EUKKk5kaOPkBy7pv,"['ambient', 'electronic', 'piano', 'future garage']",Dawn,Neskre
19k75dGNEp23RBBkqRE4KV,"['ambient', 'idm', 'future garage', 'downtempo']",Dreamspace - Original Mix,Rautu
2p4eZYbUtSacuJiD0qIIN9,"['new age', 'ambient', 'chillout', 'electronic', 'female vocalists']",Dream (feat. Sara Bloomfield),Blue Stone
3Poy2YiqGP3GoLDVUlxJEJ,"['ambient', 'electronic', 'chillout', 'new age']",Still Holding On - Original Mix,Conjure One
4luRuWNH2SLEsKPAlSchsg,"['electronic', 'ambient', 'japan', 'underground']",heartless v2,N33T
5PLHwyC9Vgb53cuwJa9aQW,"['lo-fi', 'chillout', 'ambient']",Boardwalk,imagiro
4GBeS0jm9QxOIkp51kjgKm,"['future garage', 'trip hop', 'microhouse', 'downtempo', 'ambient house']",Garden,ASHE
542Iu4XpL0n7trK1CWeSwb,"['future garage', 'trip hop', 'microhouse', 'downtempo', 'ambient house']",Stay,ASHE
4dJEOnY5WVgAgyZqXIAijQ,"['chillout', 'ambient', 'rap', 'house', 'electronic']",Wandering Thoughts,AK
5sy7W9XDZZvSzUFP23NZoJ,"['idm', 'chillout', 'ambient', 'wonderful', 'Hands of Time', 'Open your eyes', 'Last View', 'Clarity', 'Euphoric Magic', 'September Sun', 'Bluerain', 'Good Luck Out There', 'Psirens', 'Clear', 'In The Grass', 'Stick to Music Snowflake', 'Hands of Time', 'Open your eyes', 'Last View', 'Clarity', 'Euphoric Magic', 'September Sun', 'Bluerain', 'Good Luck Out There', 'Psirens', 'Clear', 'In The Grass', 'Stick to Music Snowflake']",You Are,Melorman
1gbvAFDGaDbq81LWXvMnoU,"['ambient', 'electronic', 'chillout', 'downtempo', 'electronica']",Starbeam - Douran Remix,William Orbit
09algRz68H2iEWhJQlYhqQ,"['ambient', 'electronic', 'idm', 'downtempo', 'chillout']",Spectre (Bibio Remix) - Mixed,Tycho
3ZoiXerdwkV2TsqRy0kuxn,"['ambient', 'electronic', 'idm']",cirrus,palence
4SeSUffl0SPCpWrSu2GoGG,"['drum and bass', 'atmospheric drum and bass', 'ambient', 'electronic', 'chillout']",Blue Skies - Unquote Remix,Blu Mar Ten
0O9CEtnjwNkUQqOqGF5LO3,"['trip-hop', 'hypnotic', 'ambient', 'indietonic', 'Matador', 'Kiss Tomorrow Goodbye', 'Two Rocks and a Cup of Water', 'Walk In The Sky', 'P Is For Piano', 'Last Train to Wherever', 'Waiting For The World', 'When I Go', ""I'll Carry You"", 'Safe in the Steep Cliffs', 'Biome', 'Price You Pay', 'Matador', 'Kiss Tomorrow Goodbye', 'Two Rocks and a Cup of Water', 'Walk In The Sky', 'P Is For Piano', 'Last Train to Wherever', 'Waiting For The World', 'When I Go', ""I'll Carry You"", 'Safe in the Steep Cliffs', 'Biome', 'Price You Pay']",Airport Blues,Arms and Sleepers
1j2uAypG4tHiJHO2xcemaG,"['chillout', 'ambient', 'downtempo', 'Backlight', 'Come With Nothings', 'Past Is Prologue', 'Marshmello', 'The Disconnect', 'Molfsee', 'Human Theory', 'Landing', 'Sombrero', 'Lost in Thought', 'Second Sense', 'Monday - Paracetamol', 'Backlight', 'Come With Nothings', 'Past Is Prologue', 'Marshmello', 'The Disconnect', 'Molfsee', 'Human Theory', 'Landing', 'Sombrero', 'Lost in Thought', 'Second Sense', 'Monday - Paracetamol']",Fourteen Drawings,Helios
5zLE545sY8nt7FCJ0LGyaB,"['instrumental', 'ambient', 'digitalis', 'electronic', 'mellow', 'Within Dreams', 'Falling From the Sun', 'Periphescence', 'Into The Sea', 'Song For No One', 'Nothing it Can', 'Who Tends a Garden', 'The New Year', 'Goodbye Sierra', 'Hibernation', 'Your First Light My Eventide', 'Grandfather Clock', 'Within Dreams', 'Falling From the Sun', 'Periphescence', 'Into The Sea', 'Song For No One', 'Nothing it Can', 'Who Tends a Garden', 'The New Year', 'Goodbye Sierra', 'Hibernation', 'Your First Light My Eventide', 'Grandfather Clock']",Blank Pages,The Album Leaf
0vh243xHFivyF3V8IxEXf9,"['ambient', 'electronic', 'experimental', 'france', 'minimal', 'darkcore']",Tenderness,LAAKE
5DZ4M3yMat79ok25rZHuA9,"['ambient', 'electronic', 'chillout', 'idm', 'Kaini Industries', 'Open the Light', '…And The Forest Began To Sing', 'Where the Boats Go', 'i', 'Xtal', 'Flytta Dig', 'Tommib', 'Trad Velecido', 'Candles', 'Natural Blues', 'Porcelain', 'Kaini Industries', 'Open the Light', '…And The Forest Began To Sing', 'Where the Boats Go', 'i', 'Xtal', 'Flytta Dig', 'Tommib', 'Trad Velecido', 'Candles', 'Natural Blues', 'Porcelain']",Olson,Boards of Canada
6caTrgjCKhoXHi5yyeC5dm,"['ambient', 'deep', 'deepambient']",Weak,ILAYO
3LU41qIkh4lND6PM4W8jHw,"['ambient', 'electronic', 'experimental', 'france', 'minimal', 'darkcore', 'Cheltenham Cases', 'Nakt', 'ELECTRICITY', 'Horses - Remastered', 'Gaunt', 'Wit(z)', 'Pendule', 'Lament', 'Sera', 'Swept', 'Nebbia', 'Поход', 'Cheltenham Cases', 'Nakt', 'ELECTRICITY', 'Horses - Remastered', 'Gaunt', 'Wit(z)', 'Pendule', 'Lament', 'Sera', 'Swept', 'Nebbia', 'Поход']",Introspective,LAAKE
25XYmuMVqtk8Y1VWg5NnMJ,"['ambient', 'electronic', 'experimental', 'france', 'minimal', 'darkcore']",DONTGIVEITUP,LAAKE
0NRq9O8Sk55MxVKcH1X4sQ,"['techno', 'minimal', 'ambient', 'minimal techno', 'electronic', 'Room with a View', 'Nakt', 'Lovesong', 'Up All Night - Radio Edit', 'Invisible - Piano Version', 'Seasons', 'Jupiter Sunrise', 'Thinking Of', 'Nikki', 'Gaunt', 'Spectrum', 'By the Brook', 'Room with a View', 'Nakt', 'Lovesong', 'Up All Night - Radio Edit', 'Invisible - Piano Version', 'Seasons', 'Jupiter Sunrise', 'Thinking Of', 'Nikki', 'Gaunt', 'Spectrum', 'By the Brook']",Ginkgo Biloba,Rone
5q4lWCehbOeEN0EDNxzj9I,"['electronic', 'french', 'experimental', 'ambient', 'electronica', 'Cheltenham Cases', 'Books', 'Gepan', 'Shame', 'Sailing', 'Khanti', 'Good Morning', ""Lovin' Feeling"", 'Junior', 'Le retour en bateau', 'Maze', 'Plaisir', 'Cheltenham Cases', 'Books', 'Gepan', 'Shame', 'Sailing', 'Khanti', 'Good Morning', ""Lovin' Feeling"", 'Junior', 'Le retour en bateau', 'Maze', 'Plaisir']",Horses - Remastered,Chapelier Fou
6Ru0vp3QUcUQmJtUW9UGB0,"['ethereal', 'electronic', 'progressive rock', 'ambient', 'darkwave', 'heavy metal', 'all', 'PS1', 'Reaching 2', 'cbd', 'argyle', 'SNAKE EYES', 'fool4love', 'bruise', 'YUKON (INTERLUDE)', ""What's up"", 'DEITY', 'all i do is try my best', '17250', 'PS1', 'Reaching 2', 'cbd', 'argyle', 'SNAKE EYES', 'fool4love', 'bruise', 'YUKON (INTERLUDE)', ""What's up"", 'DEITY', 'all i do is try my best', '17250']",Closer 2,EDEN
2GojepQobdW6GOrt59kJqX,"['ambient', 'trip-hop', 'post-rock', 'electronic']",Point Doom,Arms and Sleepers
0rjkjo4HP9WblyA97eDNOO,"['house', 'outsider house', 'lo-fi', 'ambient', 'microhouse']",Untitled 13,AL-90
0pt9l2jgyc0iU9MM5bMiAI,"['ambient', 'acoustic', 'instrumental', 'chillout']",Soplo del Sueño (Message to Bears Rework),Aukai
5Yy0R2CLFPXfrBPLnsI1zN,"['piano', 'contemporary classical', 'post-classical', 'neoclassical', 'ambient', 'melancholic', 'cinematic', 'Unter', 'Old Thought', 'Near Light', 're:member', 'Steep Hills of Vicodin Tears', 'We Move Lightly', 'Opus 55', 'Fragment #5', 'Nowhere To Be Found', 'Hold My Hand', 'Messy Hearts', 'The Haunted Victorian Pencil', 'Unter', 'Old Thought', 'Near Light', 're:member', 'Steep Hills of Vicodin Tears', 'We Move Lightly', 'Opus 55', 'Fragment #5', 'Nowhere To Be Found', 'Hold My Hand', 'Messy Hearts', 'The Haunted Victorian Pencil']",Familiar,Nils Frahm
2dg6A2dFk58LWJslItorJM,"['electronic', 'minimal', 'chillout', 'ambient', 'electronica', 'Miss You', 'Take Me Into Your Skin', 'A New Error', 'Sky and Sand', 'Mir', 'Les Djinns', 'Invisible', 'Lay in a Shimmer', 'Edison', 'Television Tower', 'Azure', 'Body Language (Interpretation)', 'Miss You', 'Take Me Into Your Skin', 'A New Error', 'Sky and Sand', 'Mir', 'Les Djinns', 'Invisible', 'Lay in a Shimmer', 'Edison', 'Television Tower', 'Azure', 'Body Language (Interpretation)']",Moan,trentemøller
5d3qZ4xZv0inQK292Mmnhh,"['electronic', 'dubstep', 'ambient', 'chill', 'Blind Night Errand', 'Between Time', 'Locked', 'Street Halo', 'Homeless', 'Moth', 'Timeless', 'IOIO', 'Wildfire', 'Limit to Your Love', 'ARP3', 'Dry Cured', 'Blind Night Errand', 'Between Time', 'Locked', 'Street Halo', 'Homeless', 'Moth', 'Timeless', 'IOIO', 'Wildfire', 'Limit to Your Love', 'ARP3', 'Dry Cured']",Carbonated,Mount Kimbie
3R48jTqNODCXdgYk33FrN7,"['dubstep', 'ambient', 'electronic', 'dark ambient', 'Lambeth', 'South London Boroughs', 'And It Rained All Night (Burial Remix)', 'Level Nine', 'Ego', 'Moth', 'Air & Lack Thereof', 'Wolf Cub', 'Inhale', 'Mega Drive Generation', 'Witch Hunt', 'CMYK', 'Lambeth', 'South London Boroughs', 'And It Rained All Night (Burial Remix)', 'Level Nine', 'Ego', 'Moth', 'Air & Lack Thereof', 'Wolf Cub', 'Inhale', 'Mega Drive Generation', 'Witch Hunt', 'CMYK']",Fostercare,Burial
3k29pw2omntASGkzIqYMnC,"['electronic', 'ambient', 'downtempo', 'minimal', 'post-dubstep', 'Pay My Debts', ""Can't Turn Back"", 'Four Walls', 'Polyghost', 'Black Trees', 'Unfinished Colours', '...and the Forest Began to Sing', 'Fold', 'Manila Palm', 'Wallflower', 'If You Want Me', 'Colours In Sea', 'Pay My Debts', ""Can't Turn Back"", 'Four Walls', 'Polyghost', 'Black Trees', 'Unfinished Colours', '...and the Forest Began to Sing', 'Fold', 'Manila Palm', 'Wallflower', 'If You Want Me', 'Colours In Sea']",Harm,Beacon
6fH2KTFeo61I6QhtKzH0Qe,"['ambient', 'trance', 'breakcore', 'nightcore', 'el pepe ete sech', 'willowcore', 'will u still', 'ya soshla s uma', 'ddduvettt', 'Cream Soda', 'Deadlight', 'Bleeding Reflection', 'Kindness', 'Happy', 'Tantalyse', 'oceans apart', 'Dibiyu', 'why is it even bitcrushed lol', 'will u still', 'ya soshla s uma', 'ddduvettt', 'Cream Soda', 'Deadlight', 'Bleeding Reflection', 'Kindness', 'Happy', 'Tantalyse', 'oceans apart', 'Dibiyu', 'why is it even bitcrushed lol']","Letting Go, Carry Us Away",User2222
1XwaivyfgEJrYSlp3sK72J,"['electronic', 'downtempo', 'deep house', 'ambient']",Auryn,Parra for Cuva
24Bag0cKXEQwSNSBXTmSQ5,"['ambient', 'chillout', 'downtempo', 'psybient', 'psychedelic', 'Breathe', 'Endless Park', 'Orientations', 'Levitate', 'Cobalt', 'Waters Of Life', ""It's A Dream"", 'Chinese Radio', 'Otherworlds', 'Vision (revisited)', 'Blue Embers', 'Outlined Surfaces', 'Breathe', 'Endless Park', 'Orientations', 'Levitate', 'Cobalt', 'Waters Of Life', ""It's A Dream"", 'Chinese Radio', 'Otherworlds', 'Vision (revisited)', 'Blue Embers', 'Outlined Surfaces']",Radio Bombay,Hol Baumann
3Ui8MayerklU97WePuwDx2,"['noise', 'power electronics', 'dark ambient', 'ambient', 'industrial']",Heaven Underwater,Cremation Lily
0PYMIPuZk9AjcmkscMeC3D,"['trance', 'hardcore', 'techno', 'electronica', 'downtempo', 'rave', 'industrial', 'ambient electronic', 'Closer', 'Age of Phase', 'denver luna (acappella)', 'Atom Dream', 'Denver Luna', 'Singularity', 'Space Shanty', 'Storm 3000', 'A Walk', 'Melanine', 'Two Thousand And Seventeen', 'Lush', 'Closer', 'Age of Phase', 'denver luna (acappella)', 'Atom Dream', 'Denver Luna', 'Singularity', 'Space Shanty', 'Storm 3000', 'A Walk', 'Melanine', 'Two Thousand And Seventeen', 'Lush']",Elysian,Bonobo
26xgfuQnTaa5UQJhdQACz6,"['plunderphonics', 'ambient house', 'No Worries', 'The Trouble', 'Droopy Likes Your Face', 'We were friends', 'Droopy Likes Ricochet', 'If I Was A Folkstar', 'I Want Your Love', 'Park Music', ""We've Started Up"", 'hot milk', 'Resonance', 'Two Time', 'No Worries', 'The Trouble', 'Droopy Likes Your Face', 'We were friends', 'Droopy Likes Ricochet', 'If I Was A Folkstar', 'I Want Your Love', 'Park Music', ""We've Started Up"", 'hot milk', 'Resonance', 'Two Time']",Forget,Pogo
73AFkl1Ri389RjLzHvp0bq,"['experimental', 'electronic', 'krautrock', 'ambient', 'electronica']",Sputnik - Radio Edit,Public Service Broadcasting
4dnlu2YAKNqxFOQueFKZzL,"['ambient', '2017 releases', 'james-joul - 2017 albums', 'electronic', 'idm']",Tidal,palence
1uULs0fubXg6dEJa8Y2ad6,"['dubstep', 'future garage', 'ambient', '2-step', 'electronic', 'russian']",24 Hours,Volor Flex
3MlE7VdSz3IqjQMGBSfmPb,"['chillout', 'ambient', 'electronic', 'experimental', 'deep house']",Dawn,Fejká
0F6mtyHqy8HKpfbv7r9u40,"['electronic', 'ambient', 'icelandic', 'post-rock', 'experimental']",Cycle Boats - Live in Berlin,múm
7bYAS3MWHzJTY4BTMA73vY,"['electronic', 'downtempo', 'lounge', 'ambient', 'electronica']",Easy,Alphawezen
6qS6i1yVoyhWdP3nuDX8Iv,"['electronic', 'chillout', 'ambient', 'usa', 'american']",XOXO,Emmit Fenn
22hqppmgGP6EMXnxatmsW8,"['chillout', 'ambient', 'trip-hop', 'lounge', 'downtempo', 'Jet Stream', 'Ares', 'Let The Chalice Blaze', 'Holographic Universe', 'Crush', 'Ronda', 'Lo Fi Groovy', 'The Thickness', 'Biome', 'Where The Sun Beats', 'The Plug', 'When It Falls', 'Jet Stream', 'Ares', 'Let The Chalice Blaze', 'Holographic Universe', 'Crush', 'Ronda', 'Lo Fi Groovy', 'The Thickness', 'Biome', 'Where The Sun Beats', 'The Plug', 'When It Falls']",All Through the Night,Emancipator
7H5zpPsY4VeO2pSWmRi6tD,"['glitch', 'electronic', 'ambient', 'drone']",savestate,notsure
4y6h6YiQZwU3TIA0u2DzRV,"['chillstep', 'ambient', 'electronic', 'dubstep']",Memory Lane,Jacoo
4euTW5a8fSz7eJyENf6ZuI,"['chillstep', 'ambient', 'electronic', 'dubstep']",In the Shadows (Looking for a Light),Jacoo
75QATzqDiG8UdtH6xTuGyO,"['ambient', 'trip-hop', 'post-rock', 'electronic']",It's Easy,Arms and Sleepers
4RbsgRcX1d2nZCNcbaOFwd,"['ambient', 'downtempo', 'Refuge', ""Every Time I'm Stuck"", '[untitled]', 'Willowy', 'Stop It', 'Monju-1', 'Narita Morning', 'Second Sun', 'Genkai-1', ""L'appel des cors"", 'Million Town', 'Pollarding Trees', 'Refuge', ""Every Time I'm Stuck"", '[untitled]', 'Willowy', 'Stop It', 'Monju-1', 'Narita Morning', 'Second Sun', 'Genkai-1', ""L'appel des cors"", 'Million Town', 'Pollarding Trees']",Your Wickedness,Cuts
5j7Fxduc64fWMl7PcCmro6,"['ambient', 'chillout', 'electronic', 'piano']",Tidecaller,Kisnou
1ojCQ0v59O77rKZbwN8aQh,"['electronic', 'ambient', 'electro', 'indie', 'Second Nature', 'A Little Bit Further', 'Small Sanctuary', 'Enough', 'Only You', 'Fragment', 'Be With You', 'Manila', ""Diana (You Don't Even Know)"", 'Serve No Tea', 'Never Seen You Dance', 'Nervous Tics', 'Second Nature', 'A Little Bit Further', 'Small Sanctuary', 'Enough', 'Only You', 'Fragment', 'Be With You', 'Manila', ""Diana (You Don't Even Know)"", 'Serve No Tea', 'Never Seen You Dance', 'Nervous Tics']",EST,Tourist
4xRB9BqjpvhmmwpNTmG8K1,"['ambient', 'dub', 'electronic', 'idm']",Mind Divided,Jack Vanzet
0WxS9Vw4649veGUtOrOPO1,"['electronic', 'idm', 'german', 'ambient', 'Versions', 'Damage Done', 'Emerald Rush', 'Arcadia', 'Dayvan Cowboy', 'Open Eye Signal', 'Clutch Pearlers', 'Town Crank', 'This', 'Odyssey', 'Haunt', 'Like Porcelain', 'Versions', 'Damage Done', 'Emerald Rush', 'Arcadia', 'Dayvan Cowboy', 'Open Eye Signal', 'Clutch Pearlers', 'Town Crank', 'This', 'Odyssey', 'Haunt', 'Like Porcelain']",Let in the Light,Moderat
6mnqGJKrRVJfyrzxnvoOeo,"['ambient', 'electronic', 'experimental', 'downtempo', 'relax', 'bass', 'belarus']",The Longest Night,Phil Anker
3ysaA7M8UMg2guz6jjVRsb,"['electronic', 'idm', 'german', 'ambient', 'Versions', 'Damage Done', 'Emerald Rush', 'Arcadia', 'Dayvan Cowboy', 'Open Eye Signal', 'Clutch Pearlers', 'Town Crank', 'This', 'Odyssey', 'Haunt', 'Like Porcelain', 'Versions', 'Damage Done', 'Emerald Rush', 'Arcadia', 'Dayvan Cowboy', 'Open Eye Signal', 'Clutch Pearlers', 'Town Crank', 'This', 'Odyssey', 'Haunt', 'Like Porcelain']",Let In The Light,Moderat
6JXW61yoBrO17wq5hQorhk,"['ambient', 'chill', 'marek hemmann', 'Turn Left', 'Communication Breakdown', 'Into The Stars (Geb.el Rework)', 'Futile', 'Quiet Day', 'Vibrations on a String', 'Pimp Floyd', 'Fragment', 'Easy', 'Burnt', 'Segre', 'Opal', 'Turn Left', 'Communication Breakdown', 'Into The Stars (Geb.el Rework)', 'Futile', 'Quiet Day', 'Vibrations on a String', 'Pimp Floyd', 'Fragment', 'Easy', 'Burnt', 'Segre', 'Opal']",All Those Moments,Mooryc
76AAIxsqGlwfj2Oabx0UBR,"['ambient', 'is my religion', 'giusychevola e che ama', 'giusychevola gifts from friends', 'Vibrations on a String', ""Fallin' Freely"", 'All Those Moments', 'Easy', 'Opal', 'Behold', 'Segre', 'Futile', 'Getting Old', 'Blind', 'Bag of Bones', 'Young', 'Vibrations on a String', ""Fallin' Freely"", 'All Those Moments', 'Easy', 'Opal', 'Behold', 'Segre', 'Futile', 'Getting Old', 'Blind', 'Bag of Bones', 'Young']",Communication Breakdown,Mooryc
0DTDDJg5PPIa830nz516ds,"['ambient', 'electronic', 'polish', 'mellow', 'electronica']",Bad Luck,Mooryc
0vPhDi8oYPkGpgcO3RJBbc,"['experimental', 'ambient', 'pop', 'indie', 'Underwater', 'soshy', 'Better Off Alone', 'Run Me Through', 'Braid', 'zeven', 'u-1', 'Plans We Made', 'Ransom', 'Heal', 'A Part Of Us', 'Neglected Space', 'Underwater', 'soshy', 'Better Off Alone', 'Run Me Through', 'Braid', 'zeven', 'u-1', 'Plans We Made', 'Ransom', 'Heal', 'A Part Of Us', 'Neglected Space']",Chimera,HANA
7qWHLT10dDsu8fCJZFkL5y,"['electronic', 'ambient', 'idm', 'chillout', 'downtempo', 'electronica', 'The Beach at Redpoint', 'The Smallest Weird Number', 'Xtal', 'Ageispolis', 'Slip', 'Montreal', 'Tommib', 'Trad Velecido', 'Tryptiline Fabricate', 'Hasty Boom Alert', 'Problem Areas', 'Zodiac Shit', 'The Beach at Redpoint', 'The Smallest Weird Number', 'Xtal', 'Ageispolis', 'Slip', 'Montreal', 'Tommib', 'Trad Velecido', 'Tryptiline Fabricate', 'Hasty Boom Alert', 'Problem Areas', 'Zodiac Shit']",1969,Boards of Canada
6VVeCK61NH0eXUYjwYy0MP,"['electronic', 'ambient', 'idm', 'experimental', 'Windowlicker', 'To Cure a Weakling Child', 'Turquoise Hexagon Sun', 'In a Beautiful Place Out in the Country', 'Slip', 'Brace Yourself Jason', 'Clipper', 'Hasty Boom Alert', 'Liptons B Acid', 'VBS.Redlof.B (Bass Version)', 'Nordy', 'If It Really Is Me', 'Windowlicker', 'To Cure a Weakling Child', 'Turquoise Hexagon Sun', 'In a Beautiful Place Out in the Country', 'Slip', 'Brace Yourself Jason', 'Clipper', 'Hasty Boom Alert', 'Liptons B Acid', 'VBS.Redlof.B (Bass Version)', 'Nordy', 'If It Really Is Me']",Nannou,Aphex Twin
5hNgVpcuu63TzL4LaHp0mG,"['ambient', 'psychill', 'atmospheric', 'chillout', 'Fade Away', '.Blank', 'Hope', 'ASD', 'Atlantis Child', 'San Pedro', 'DOT', 'The Road to Nothingness', 'Opalin', 'Discovering', 'Central Plain', 'Inadvertent', 'Fade Away', '.Blank', 'Hope', 'ASD', 'Atlantis Child', 'San Pedro', 'DOT', 'The Road to Nothingness', 'Opalin', 'Discovering', 'Central Plain', 'Inadvertent']",Something Heavens,H.U.V.A. Network
4PoiwJtzKLv7pKXdofLmgd,"['ambient', 'electronica', 'idm', 'a distant fire burning', 'Do Matter', 'La Nuit - Mixed', 'Eggshell Sunny', 'Stick to Music Snowflake', 'Chatter', 'Ralome', 'My Life Is Bracketed [Mixed]', 'At Dawn', 'Calling', 'Paper Unicorn', 'Static Discos 100', 'Cup Noodle', 'Do Matter', 'La Nuit - Mixed', 'Eggshell Sunny', 'Stick to Music Snowflake', 'Chatter', 'Ralome', 'My Life Is Bracketed [Mixed]', 'At Dawn', 'Calling', 'Paper Unicorn', 'Static Discos 100', 'Cup Noodle']",Wen,Plaid
0jXvFDp1qtbmgWxoUz3bLt,"['ambient', 'piano', 'contemporary classical', 'german', 'PIX', 'VIM', 'From the Start (Hybrid)', 'Sunrise', 'and we’ll leave it there…', 'Golden Dust', 'Son Combat - From ""La Tresse"" Soundtrack', 'The Plot', 'Sailing', 'Mallimack - Hayden Thorpe Rework', 'Interlude 1', 'Tranquility II', 'PIX', 'VIM', 'From the Start (Hybrid)', 'Sunrise', 'and we’ll leave it there…', 'Golden Dust', 'Son Combat - From ""La Tresse"" Soundtrack', 'The Plot', 'Sailing', 'Mallimack - Hayden Thorpe Rework', 'Interlude 1', 'Tranquility II']",AMS - Mollono.Bass Rework,Martin Kohlstedt
6rymZjBV8QYY8Yedj3Wjex,"['ambient', 'idm', 'electronic', 'french']",Vibration,Saycet
6bYkmMPkDuxJqebOmEiU4V,"['electronic', 'ambient', 'piano', 'chillout']",White Nights - Film Edit,Grandbrothers
58AB6UhgBqKSPByXQiUFkS,"['ambient', 'electronic', 'experimental', 'swedish']",Stay,boerd
3kkSSyi0HZyX9k5q0PbMcZ,"['ambient', 'chillout', 'post-rock', 'post rock', '4 stars', 'good vibes', 'ambient-post', 'Paulo Firmino', 'Maria Rosa', 'Norrland', 'I Fell in Love', 'Bless This Morning Year', 'Over The Pond', 'Twentytwofourteen', 'Disintegration Anxiety', 'Thanks Bill', 'Music For Staring At Ceilings', 'untitled #3 - Samskeyti', 'Catastrophe and the Cure', 'Paulo Firmino', 'Maria Rosa', 'Norrland', 'I Fell in Love', 'Bless This Morning Year', 'Over The Pond', 'Twentytwofourteen', 'Disintegration Anxiety', 'Thanks Bill', 'Music For Staring At Ceilings', 'untitled #3 - Samskeyti', 'Catastrophe and the Cure']",Afg,Sensible Soccers
3MiuFwdd1c2aCepdfjhSQE,"['2021', 'chillout', 'ambient', 'electronic', 'future garage']",Alternate Realities pt. II,Feverkin
6WBgqanUQf2dFrXxXgEiUL,"['chillout', 'ambient', 'electronic', 'future garage']",Dead Branch,Feverkin
3jHwNr9OyMu6j0UpPxGNkj,"['chillout', 'ambient', 'electronic', 'future garage']",Element & Moderate,Feverkin
1IXGFVbGiio4U8akE33vrn,"['chillout', 'ambient', 'electronic', 'future garage']",Hollow Fire,Feverkin
4qxvtvQ6qk905PeyAXbpu9,"['chillout', 'ambient', 'electronic', 'future garage']",Dance Upon Ashes,Feverkin
51w3tBCul4YdtFnSzeCcUE,"['chillstep', 'dubstep', 'chillwave', 'ambient', 'electronic', 'post-dubstep']",Flatline,Synthetic Epiphany
2h83dccLZ7hG1DTCXZ5mgS,"['chillout', 'ambient', 'electronic', 'future garage', 'instrumental', 'experimental']",October,Feverkin
57gUSFgeO3KgrMmkcLlt5L,"['ambient', 'trip-hop', 'post-rock', 'electronic']",Blood Song (feat. Andreas Schütz),Arms and Sleepers
6sKg2cfcHIqnRfCUD9tSSm,"['idm', 'ambient', 'experimental', 'electronic', 'It Pours', 'Fast Forward To Here', 'September Sun', 'Hands of Time', 'Clarity', 'Last View', 'Endless Waves', 'Euphoric Magic', 'Clear', 'Future Hope', 'Dark Matters', 'Paper Unicorn', 'It Pours', 'Fast Forward To Here', 'September Sun', 'Hands of Time', 'Clarity', 'Last View', 'Endless Waves', 'Euphoric Magic', 'Clear', 'Future Hope', 'Dark Matters', 'Paper Unicorn']",Good Luck Out There,The Flashbulb
2jX6prlT1LRCb8NrOc1rEc,"['idm', 'ambient', 'electronic', 'space ambient', 'Gull Song', 'The Movie', 'Stay in Your Tower and Watch', 'Sprung', 'Prologue', 'Paterlini: The Sky In My Room', 'The Twins (Prague)', 'Justice', 'Transcendent', 'Superior', 'Thorofare Hike', 'Paper Walls', 'Gull Song', 'The Movie', 'Stay in Your Tower and Watch', 'Sprung', 'Prologue', 'Paterlini: The Sky In My Room', 'The Twins (Prague)', 'Justice', 'Transcendent', 'Superior', 'Thorofare Hike', 'Paper Walls']",Simply,Slakker
2X46aM9CqbhxT1RuXQxNCl,"['chillout', 'ambient', 'rap', '2018 releases', 'house', 'electronic']",Departure,AK
